<metadata>
	<doi>10.4121/uuid:3926db30-f712-4394-aebc-75976070e91f</doi>
	<name>BPI Challenge 2012.xes.gz</name>
	<description>Event log of a loan application process</description>
	<language>Dutch</language>
	<log_type>Real-life</log_type>
	<process_type>Explicitly structured</process_type>
	<creation>
		<insitute>Eindhoven University of Technology</insitute>
		<person>B.F. van Dongen</person>
		<place>Eindhoven</place>
		<time>Mon Apr 23 00:00:00 CEST 2012</time>
	</creation>
	<source>
		<insitute>Eindhoven University of Technology</insitute>
		<institute_type>University</institute_type>
		<model>none</model>
		<program>Proprietary Workflow System</program>
	</source>
	<rights type="Public"/>
	<number_of_traces>13087</number_of_traces>
	<number_of_events>262200</number_of_events>
	<events_per_trace>20.035</events_per_trace>
	<min_events_per_trace>3</min_events_per_trace>
	<max_events_per_trace>175</max_events_per_trace>
	<global_attributes>
		<trace_level>
			<attribute key="AMOUNT_REQ" default="UNKNOWN"/>
			<attribute key="REG_DATE" default="1970-01-01T00:00:00+01:00"/>
			<attribute key="concept:name" default="UNKNOWN"/>
		</trace_level>
		<event_level>
			<attribute key="concept:name" default="UNKNOWN"/>
			<attribute key="lifecycle:transition" default="UNKNOWN"/>
			<attribute key="time:timestamp" default="1970-01-01T00:00:00+01:00"/>
		</event_level>
	</global_attributes>
	<meta_extensions>
		<MetaData_General prefix="meta_general" uri="http://www.xes-standard.org/meta_general.xesext">
			<classifiers>2</classifiers>
			<events_average>20.035</events_average>
			<events_max>175</events_max>
			<events_min>3</events_min>
			<events_standard_deviation>19.944</events_standard_deviation>
			<events_total>262200</events_total>
			<traces_total>13087</traces_total>
		</MetaData_General>
		<MetaData_Concept prefix="meta_concept" uri="http://www.xes-standard.org/meta_concept.xesext">
			<different_names_average>8.177</different_names_average>
			<different_names_max>20</different_names_max>
			<different_names_min>3</different_names_min>
			<different_names_standard_deviation>5.554</different_names_standard_deviation>
			<different_names_total>24</different_names_total>
			<named_events_average>20.035</named_events_average>
			<named_events_max>175</named_events_max>
			<named_events_min>3</named_events_min>
			<named_events_standard_deviation>19.944</named_events_standard_deviation>
			<named_events_total>262200</named_events_total>
		</MetaData_Concept>
		<MetaData_LifeCycle prefix="meta_life" uri="http://www.xes-standard.org/meta_life.xesext">
			<different_transitions_average>2.476</different_transitions_average>
			<different_transitions_max>3</different_transitions_max>
			<different_transitions_min>1</different_transitions_min>
			<different_transitions_standard_deviation>0.879</different_transitions_standard_deviation>
			<different_transitions_total>3</different_transitions_total>
			<transition_events_average>20.035</transition_events_average>
			<transition_events_max>175</transition_events_max>
			<transition_events_min>3</transition_events_min>
			<transition_events_standard_deviation>19.944</transition_events_standard_deviation>
			<transition_events_total>262200</transition_events_total>
		</MetaData_LifeCycle>
		<MetaData_Organization prefix="meta_org" uri="http://www.xes-standard.org/meta_org.xesext">
			<different_groups_average>1.0</different_groups_average>
			<different_groups_max>1</different_groups_max>
			<different_groups_min>1</different_groups_min>
			<different_groups_standard_deviation>0.0</different_groups_standard_deviation>
			<different_groups_total>1</different_groups_total>
			<different_resources_average>4.586</different_resources_average>
			<different_resources_max>31</different_resources_max>
			<different_resources_min>1</different_resources_min>
			<different_resources_standard_deviation>3.859</different_resources_standard_deviation>
			<different_resources_total>69</different_resources_total>
			<different_roles_average>1.0</different_roles_average>
			<different_roles_max>1</different_roles_max>
			<different_roles_min>1</different_roles_min>
			<different_roles_standard_deviation>0.0</different_roles_standard_deviation>
			<different_roles_total>1</different_roles_total>
			<group_events_average>20.035</group_events_average>
			<group_events_max>175</group_events_max>
			<group_events_min>3</group_events_min>
			<group_events_standard_deviation>19.944</group_events_standard_deviation>
			<group_events_total>262200</group_events_total>
			<resource_events_average>20.035</resource_events_average>
			<resource_events_max>175</resource_events_max>
			<resource_events_min>3</resource_events_min>
			<resource_events_standard_deviation>19.944</resource_events_standard_deviation>
			<resource_events_total>262200</resource_events_total>
			<role_events_average>20.035</role_events_average>
			<role_events_max>175</role_events_max>
			<role_events_min>3</role_events_min>
			<role_events_standard_deviation>19.944</role_events_standard_deviation>
			<role_events_total>262200</role_events_total>
		</MetaData_Organization>
		<MetaData_Time prefix="meta_time" uri="http://www.xes-standard.org/meta_time.xesext">
			<duration_average>745100.096</duration_average>
			<duration_max>1.1855936012E7</duration_max>
			<duration_min>1.855</duration_min>
			<duration_standard_deviation>1047977.666</duration_standard_deviation>
			<duration_total>9.751124955969E9</duration_total>
			<log_duration>1.4315170135E7</log_duration>
			<log_end_time>2012-03-14T16:04:54.681+01:00</log_end_time>
			<log_start_time>2011-10-01T00:38:44.546+02:00</log_start_time>
		</MetaData_Time>
	</meta_extensions>
	<extensions>
		<Concept prefix="concept" uri="http://www.xes-standard.org/concept.xesext">
			<name>BPI Challenge 2012</name>
		</Concept>
		<Lifecycle prefix="lifecycle" uri="http://www.xes-standard.org/lifecycle.xesext">
      </Lifecycle>
		<Organizational prefix="org" uri="http://www.xes-standard.org/org.xesext">
      </Organizational>
		<Semantic prefix="semantic" uri="http://www.xes-standard.org/semantic.xesext">
      </Semantic>
		<Time prefix="time" uri="http://www.xes-standard.org/time.xesext">
      </Time>
	</extensions>
</metadata>
